SET NAMES utf8mb4;

CREATE DATABASE IF NOT EXISTS bank DEFAULT CHARACTER SET utf8mb4 COLLATE utf8mb4_general_ci;
GRANT ALL PRIVILEGES ON bank.* TO 'nltosql'@'%';
USE bank;

-- ============================================================
-- 1. 网点表 branch
-- ============================================================
DROP TABLE IF EXISTS branch;
CREATE TABLE branch
(
    id           VARCHAR(20) PRIMARY KEY COMMENT '网点唯一标识',
    name         VARCHAR(100) COMMENT '网点全称',
    branch_type  VARCHAR(20) COMMENT '机构层级(总行/分行/支行/分理处)',
    province     VARCHAR(50) COMMENT '所在省份',
    city         VARCHAR(50) COMMENT '所在城市',
    region       VARCHAR(50) COMMENT '所属大区',
    manager_name VARCHAR(50) COMMENT '负责人姓名'
);

INSERT INTO branch (id, name, branch_type, province, city, region, manager_name)
VALUES ('BR001', '华夏银行总行', '总行', '北京市', '北京市', '华北', '王建国'),
       ('BR002', '华夏银行广州分行', '分行', '广东省', '广州市', '华南', '李明辉'),
       ('BR003', '华夏银行深圳福田支行', '支行', '广东省', '深圳市', '华南', '张伟'),
       ('BR004', '华夏银行上海分行', '分行', '上海市', '上海市', '华东', '刘晓东'),
       ('BR005', '华夏银行成都分行', '分行', '四川省', '成都市', '西南', '陈思远'),
       ('BR006', '华夏银行杭州西湖支行', '支行', '浙江省', '杭州市', '华东', '赵敏'),
       ('BR007', '华夏银行武汉分行', '分行', '湖北省', '武汉市', '华中', '周强'),
       ('BR008', '华夏银行深圳南山分理处', '分理处', '广东省', '深圳市', '华南', '吴芳');

-- ============================================================
-- 2. 客户表 customer
-- ============================================================
DROP TABLE IF EXISTS customer;
CREATE TABLE customer
(
    id            VARCHAR(20) PRIMARY KEY COMMENT '客户唯一标识',
    name          VARCHAR(50) COMMENT '客户姓名',
    gender        VARCHAR(10) COMMENT '性别',
    id_type       VARCHAR(20) COMMENT '证件种类',
    id_number     VARCHAR(30) COMMENT '证件号码',
    customer_type VARCHAR(20) COMMENT '客户类别(个人/对公)',
    risk_level    VARCHAR(20) COMMENT '风险承受能力评级',
    member_level  VARCHAR(20) COMMENT 'VIP等级',
    occupation    VARCHAR(50) COMMENT '职业',
    open_date     DATE COMMENT '首次开户日期',
    branch_id     VARCHAR(20) COMMENT '开户网点'
);

INSERT INTO customer (id, name, gender, id_type, id_number, customer_type, risk_level, member_level, occupation, open_date, branch_id)
VALUES ('C001', '张三', '男', '身份证', '110101199001011234', '个人', '稳健型', '白金', '工程师', '2020-03-15', 'BR003'),
       ('C002', '李芳', '女', '身份证', '310101198505052345', '个人', '保守型', '黄金', '教师', '2019-06-20', 'BR004'),
       ('C003', '王强', '男', '身份证', '440101199208083456', '个人', '进取型', '白银', '销售经理', '2021-01-10', 'BR002'),
       ('C004', '赵敏', '女', '身份证', '510101198812124567', '个人', '稳健型', '黄金', '医生', '2018-09-01', 'BR005'),
       ('C005', '刘洋', '男', '身份证', '330101199503035678', '个人', '激进型', '青铜', '创业者', '2022-04-18', 'BR006'),
       ('C006', '陈静', '女', '身份证', '420101199107076789', '个人', '稳健型', '白金', '会计师', '2017-11-25', 'BR007'),
       ('C007', '孙伟', '男', '身份证', '110101198309097890', '个人', '保守型', '黄金', '公务员', '2016-02-14', 'BR001'),
       ('C008', '周婷', '女', '身份证', '440101199610108901', '个人', '稳健型', '白银', '设计师', '2023-07-08', 'BR003'),
       ('C009', '吴刚', '男', '身份证', '310101198706069012', '个人', '进取型', '黄金', '律师', '2019-12-01', 'BR004'),
       ('C010', '郑丽', '女', '身份证', '510101199402020123', '个人', '保守型', '白银', '护士', '2021-08-22', 'BR005'),
       ('C011', '华为技术有限公司', '', '营业执照', '914403001922038216', '对公', '稳健型', '钻石', '企业', '2015-01-01', 'BR003'),
       ('C012', '腾讯科技有限公司', '', '营业执照', '91440300708461136T', '对公', '进取型', '钻石', '企业', '2015-03-20', 'BR003'),
       ('C013', '阿里巴巴集团', '', '营业执照', '91330100799234567A', '对公', '激进型', '钻石', '企业', '2014-06-15', 'BR006'),
       ('C014', '美团科技', '', '营业执照', '91110108551385082Q', '对公', '稳健型', '白金', '企业', '2018-04-10', 'BR001'),
       ('C015', '小米集团', '', '营业执照', '91110108551385083R', '对公', '进取型', '白金', '企业', '2016-09-01', 'BR007'),
       ('C016', '林峰', '男', '身份证', '350101199111111234', '个人', '激进型', '青铜', '自由职业', '2023-02-28', 'BR002'),
       ('C017', '何娜', '女', '身份证', '320101198904042345', '个人', '稳健型', '白银', '记者', '2020-10-15', 'BR004'),
       ('C018', '马超', '男', '身份证', '210101199708083456', '个人', '保守型', '黄金', '银行职员', '2019-05-10', 'BR007'),
       ('C019', '黄蓉', '女', '身份证', '500101199306064567', '个人', '进取型', '白金', '基金经理', '2018-07-20', 'BR005'),
       ('C020', '杨过', '男', '身份证', '610101199109095678', '个人', '激进型', '白银', '投资人', '2021-11-30', 'BR006');

-- ============================================================
-- 3. 员工表 employee
-- ============================================================
DROP TABLE IF EXISTS employee;
CREATE TABLE employee
(
    id         VARCHAR(20) PRIMARY KEY COMMENT '员工唯一标识',
    name       VARCHAR(50) COMMENT '员工姓名',
    position   VARCHAR(30) COMMENT '岗位',
    branch_id  VARCHAR(20) COMMENT '所属网点',
    entry_date DATE COMMENT '入职日期',
    kpi_level  VARCHAR(10) COMMENT '年度考核等级'
);

INSERT INTO employee (id, name, position, branch_id, entry_date, kpi_level)
VALUES ('E001', '王明', '客户经理', 'BR003', '2018-03-01', 'A'),
       ('E002', '李华', '理财经理', 'BR003', '2019-06-15', 'B'),
       ('E003', '张磊', '信贷经理', 'BR002', '2017-09-01', 'A'),
       ('E004', '刘芳', '客户经理', 'BR004', '2020-01-10', 'B'),
       ('E005', '陈刚', '理财经理', 'BR004', '2019-11-20', 'A'),
       ('E006', '赵丽', '信贷经理', 'BR005', '2018-05-08', 'C'),
       ('E007', '周杰', '客户经理', 'BR006', '2021-03-15', 'B'),
       ('E008', '吴敏', '理财经理', 'BR007', '2020-07-01', 'A'),
       ('E009', '孙涛', '信贷经理', 'BR001', '2016-01-01', 'A'),
       ('E010', '郑强', '客户经理', 'BR008', '2022-09-01', 'B');

-- ============================================================
-- 4. 产品表 product
-- ============================================================
DROP TABLE IF EXISTS product;
CREATE TABLE product
(
    id           VARCHAR(20) PRIMARY KEY COMMENT '产品唯一标识',
    name         VARCHAR(200) COMMENT '产品全称',
    category     VARCHAR(50) COMMENT '一级分类',
    sub_category VARCHAR(50) COMMENT '二级分类',
    risk_grade   VARCHAR(10) COMMENT '风险评级(R1-R5)',
    rate         DECIMAL(5,4) COMMENT '基准年利率',
    term_months  INT COMMENT '期限(月),0=无固定期限',
    status       VARCHAR(20) COMMENT '销售状态'
);

INSERT INTO product (id, name, category, sub_category, risk_grade, rate, term_months, status)
VALUES ('P001', '活期存款', '存款', '活期存款', 'R1', 0.0020, 0, '在售'),
       ('P002', '一年定期存款', '存款', '定期存款', 'R1', 0.0175, 12, '在售'),
       ('P003', '三年定期存款', '存款', '定期存款', 'R1', 0.0275, 36, '在售'),
       ('P004', '五年定期存款', '存款', '定期存款', 'R1', 0.0300, 60, '在售'),
       ('P005', '个人住房贷款', '贷款', '按揭贷', 'R1', 0.0385, 360, '在售'),
       ('P006', '个人消费贷款', '贷款', '消费贷', 'R2', 0.0520, 36, '在售'),
       ('P007', '个人经营贷款', '贷款', '经营贷', 'R3', 0.0600, 60, '在售'),
       ('P008', '企业流动资金贷款', '贷款', '对公贷', 'R3', 0.0550, 12, '在售'),
       ('P009', '小微企业信用贷款', '贷款', '对公贷', 'R4', 0.0720, 24, '在售'),
       ('P010', '稳健型理财产品', '理财', '固收理财', 'R2', 0.0380, 6, '在售'),
       ('P011', '平衡型理财产品', '理财', '混合理财', 'R3', 0.0450, 12, '在售'),
       ('P012', '进取型理财产品', '理财', '权益理财', 'R4', 0.0580, 24, '在售'),
       ('P013', '货币基金', '理财', '固收理财', 'R1', 0.0210, 0, '在售'),
       ('P014', '结构性存款', '存款', '结构性存款', 'R2', 0.0320, 6, '在售'),
       ('P015', '大额存单', '存款', '大额存单', 'R1', 0.0225, 12, '停售');

-- ============================================================
-- 5. 账户表 account
-- ============================================================
DROP TABLE IF EXISTS account;
CREATE TABLE account
(
    id              VARCHAR(30) PRIMARY KEY COMMENT '账户唯一标识',
    customer_id     VARCHAR(20) COMMENT '所属客户',
    branch_id       VARCHAR(20) COMMENT '开立网点',
    account_type    VARCHAR(20) COMMENT '账户分类',
    currency        VARCHAR(10) COMMENT '币种',
    balance         DECIMAL(15,2) COMMENT '当前余额(元)',
    status          VARCHAR(20) COMMENT '账户状态',
    open_date       DATE COMMENT '开立日期',
    last_txn_date   DATE COMMENT '最近交易日期'
);

INSERT INTO account (id, customer_id, branch_id, account_type, currency, balance, status, open_date, last_txn_date)
VALUES ('ACC001', 'C001', 'BR003', '储蓄账户', 'CNY', 158600.50, '正常', '2020-03-15', '2025-05-20'),
       ('ACC002', 'C002', 'BR004', '储蓄账户', 'CNY', 325000.00, '正常', '2019-06-20', '2025-05-18'),
       ('ACC003', 'C003', 'BR002', '结算账户', 'CNY', 45200.80, '正常', '2021-01-10', '2025-05-22'),
       ('ACC004', 'C004', 'BR005', '储蓄账户', 'CNY', 89000.00, '正常', '2018-09-01', '2025-05-15'),
       ('ACC005', 'C005', 'BR006', '理财账户', 'CNY', 50000.00, '正常', '2022-04-18', '2025-04-30'),
       ('ACC006', 'C006', 'BR007', '储蓄账户', 'CNY', 520000.00, '正常', '2017-11-25', '2025-05-21'),
       ('ACC007', 'C007', 'BR001', '储蓄账户', 'CNY', 180000.00, '正常', '2016-02-14', '2025-05-19'),
       ('ACC008', 'C008', 'BR003', '结算账户', 'CNY', 12500.00, '正常', '2023-07-08', '2025-05-20'),
       ('ACC009', 'C009', 'BR004', '储蓄账户', 'CNY', 267000.00, '正常', '2019-12-01', '2025-05-17'),
       ('ACC010', 'C010', 'BR005', '储蓄账户', 'CNY', 38000.00, '正常', '2021-08-22', '2025-05-10'),
       ('ACC011', 'C011', 'BR003', '结算账户', 'CNY', 15800000.00, '正常', '2015-01-01', '2025-05-22'),
       ('ACC012', 'C012', 'BR003', '结算账户', 'CNY', 23500000.00, '正常', '2015-03-20', '2025-05-22'),
       ('ACC013', 'C013', 'BR006', '结算账户', 'CNY', 31200000.00, '正常', '2014-06-15', '2025-05-21'),
       ('ACC014', 'C014', 'BR001', '结算账户', 'CNY', 8900000.00, '正常', '2018-04-10', '2025-05-20'),
       ('ACC015', 'C015', 'BR007', '结算账户', 'CNY', 12600000.00, '正常', '2016-09-01', '2025-05-22'),
       ('ACC016', 'C016', 'BR002', '理财账户', 'CNY', 28000.00, '冻结', '2023-02-28', '2025-03-15'),
       ('ACC017', 'C017', 'BR004', '储蓄账户', 'CNY', 95000.00, '正常', '2020-10-15', '2025-05-18'),
       ('ACC018', 'C018', 'BR007', '储蓄账户', 'CNY', 145000.00, '正常', '2019-05-10', '2025-05-20'),
       ('ACC019', 'C019', 'BR005', '理财账户', 'CNY', 380000.00, '正常', '2018-07-20', '2025-05-21'),
       ('ACC020', 'C020', 'BR006', '储蓄账户', 'CNY', 72000.00, '正常', '2021-11-30', '2025-05-15'),
       ('ACC021', 'C001', 'BR003', '理财账户', 'CNY', 200000.00, '正常', '2021-06-01', '2025-05-10'),
       ('ACC022', 'C002', 'BR004', '理财账户', 'CNY', 150000.00, '正常', '2020-03-01', '2025-04-25'),
       ('ACC023', 'C006', 'BR007', '理财账户', 'CNY', 300000.00, '正常', '2019-08-15', '2025-05-12'),
       ('ACC024', 'C007', 'BR001', '结算账户', 'CNY', 5000.00, '销户', '2017-01-01', '2024-12-31'),
       ('ACC025', 'C003', 'BR002', '储蓄账户', 'CNY', 68000.00, '正常', '2022-01-15', '2025-05-22'),
       ('ACC026', 'C009', 'BR004', '理财账户', 'CNY', 500000.00, '正常', '2020-05-01', '2025-05-15'),
       ('ACC027', 'C011', 'BR003', '理财账户', 'CNY', 10000000.00, '正常', '2016-01-01', '2025-05-20'),
       ('ACC028', 'C012', 'BR003', '理财账户', 'CNY', 8000000.00, '正常', '2016-06-01', '2025-05-18'),
       ('ACC029', 'C004', 'BR005', '结算账户', 'CNY', 25000.00, '正常', '2019-03-01', '2025-05-22'),
       ('ACC030', 'C019', 'BR005', '储蓄账户', 'CNY', 125000.00, '正常', '2019-01-10', '2025-05-20');

-- ============================================================
-- 6. 存取款交易流水 deposit_txn
-- ============================================================
DROP TABLE IF EXISTS deposit_txn;
CREATE TABLE deposit_txn
(
    id            VARCHAR(30) PRIMARY KEY COMMENT '流水唯一标识',
    account_id    VARCHAR(30) COMMENT '交易所属账户',
    customer_id   VARCHAR(20) COMMENT '交易所属客户',
    product_id    VARCHAR(20) COMMENT '关联存款产品',
    branch_id     VARCHAR(20) COMMENT '办理网点',
    employee_id   VARCHAR(20) COMMENT '办理员工',
    txn_type      VARCHAR(10) COMMENT '存入/支取',
    amount        DECIMAL(15,2) COMMENT '存取金额',
    balance_after DECIMAL(15,2) COMMENT '交易后余额',
    txn_date      DATE COMMENT '交易日期',
    channel       VARCHAR(20) COMMENT '办理渠道'
);

INSERT INTO deposit_txn (id, account_id, customer_id, product_id, branch_id, employee_id, txn_type, amount, balance_after, txn_date, channel)
VALUES
-- 2025年1月
('DT202501001', 'ACC001', 'C001', 'P001', 'BR003', 'E001', '存入', 50000.00, 150000.00, '2025-01-05', '柜台'),
('DT202501002', 'ACC002', 'C002', 'P002', 'BR004', 'E004', '存入', 100000.00, 320000.00, '2025-01-08', '手机银行'),
('DT202501003', 'ACC003', 'C003', 'P001', 'BR002', 'E003', '支取', 5000.00, 40000.00, '2025-01-10', 'ATM'),
('DT202501004', 'ACC006', 'C006', 'P003', 'BR007', 'E008', '存入', 200000.00, 500000.00, '2025-01-12', '柜台'),
('DT202501005', 'ACC011', 'C011', 'P001', 'BR003', 'E001', '存入', 5000000.00, 15000000.00, '2025-01-15', '网上银行'),
('DT202501006', 'ACC007', 'C007', 'P002', 'BR001', 'E009', '存入', 80000.00, 180000.00, '2025-01-18', '柜台'),
('DT202501007', 'ACC004', 'C004', 'P001', 'BR005', 'E006', '支取', 10000.00, 85000.00, '2025-01-20', 'ATM'),
('DT202501008', 'ACC009', 'C009', 'P003', 'BR004', 'E005', '存入', 100000.00, 260000.00, '2025-01-22', '手机银行'),
('DT202501009', 'ACC008', 'C008', 'P001', 'BR003', 'E002', '存入', 5000.00, 12000.00, '2025-01-25', '柜台'),
('DT202501010', 'ACC012', 'C012', 'P001', 'BR003', 'E001', '支取', 2000000.00, 22000000.00, '2025-01-28', '网上银行'),
-- 2025年2月
('DT202502001', 'ACC001', 'C001', 'P001', 'BR003', 'E001', '存入', 8000.00, 158000.00, '2025-02-03', '手机银行'),
('DT202502002', 'ACC005', 'C005', 'P001', 'BR006', 'E007', '支取', 3000.00, 47000.00, '2025-02-05', 'ATM'),
('DT202502003', 'ACC013', 'C013', 'P001', 'BR006', 'E007', '存入', 8000000.00, 30000000.00, '2025-02-08', '网上银行'),
('DT202502004', 'ACC002', 'C002', 'P002', 'BR004', 'E004', '存入', 5000.00, 325000.00, '2025-02-10', '柜台'),
('DT202502005', 'ACC017', 'C017', 'P001', 'BR004', 'E004', '存入', 20000.00, 95000.00, '2025-02-12', '手机银行'),
('DT202502006', 'ACC003', 'C003', 'P001', 'BR002', 'E003', '存入', 10000.00, 50200.00, '2025-02-15', '柜台'),
('DT202502007', 'ACC014', 'C014', 'P001', 'BR001', 'E009', '支取', 1000000.00, 8500000.00, '2025-02-18', '网上银行'),
('DT202502008', 'ACC006', 'C006', 'P001', 'BR007', 'E008', '存入', 20000.00, 520000.00, '2025-02-20', '手机银行'),
('DT202502009', 'ACC019', 'C019', 'P001', 'BR005', 'E006', '存入', 50000.00, 380000.00, '2025-02-22', '柜台'),
('DT202502010', 'ACC010', 'C010', 'P001', 'BR005', 'E006', '支取', 2000.00, 36000.00, '2025-02-25', 'ATM'),
-- 2025年3月
('DT202503001', 'ACC001', 'C001', 'P001', 'BR003', 'E001', '存入', 2000.00, 160000.00, '2025-03-02', 'ATM'),
('DT202503002', 'ACC015', 'C015', 'P001', 'BR007', 'E008', '存入', 3000000.00, 12600000.00, '2025-03-05', '网上银行'),
('DT202503003', 'ACC004', 'C004', 'P002', 'BR005', 'E006', '存入', 4000.00, 89000.00, '2025-03-08', '手机银行'),
('DT202503004', 'ACC012', 'C012', 'P001', 'BR003', 'E001', '存入', 1500000.00, 23500000.00, '2025-03-10', '网上银行'),
('DT202503005', 'ACC009', 'C009', 'P001', 'BR004', 'E005', '支取', 3000.00, 257000.00, '2025-03-12', 'ATM'),
('DT202503006', 'ACC018', 'C018', 'P003', 'BR007', 'E008', '存入', 50000.00, 145000.00, '2025-03-15', '柜台'),
('DT202503007', 'ACC007', 'C007', 'P001', 'BR001', 'E009', '支取', 8000.00, 172000.00, '2025-03-18', '手机银行'),
('DT202503008', 'ACC011', 'C011', 'P001', 'BR003', 'E001', '存入', 800000.00, 15800000.00, '2025-03-20', '网上银行'),
('DT202503009', 'ACC020', 'C020', 'P001', 'BR006', 'E007', '存入', 2000.00, 72000.00, '2025-03-22', '手机银行'),
('DT202503010', 'ACC008', 'C008', 'P001', 'BR003', 'E002', '支取', 500.00, 11500.00, '2025-03-25', 'ATM'),
-- 2025年4月
('DT202504001', 'ACC001', 'C001', 'P001', 'BR003', 'E001', '支取', 2000.00, 158000.00, '2025-04-02', 'ATM'),
('DT202504002', 'ACC002', 'C002', 'P001', 'BR004', 'E004', '存入', 0.00, 325000.00, '2025-04-05', '手机银行'),
('DT202504003', 'ACC013', 'C013', 'P001', 'BR006', 'E007', '支取', 5000000.00, 26200000.00, '2025-04-08', '网上银行'),
('DT202504004', 'ACC006', 'C006', 'P001', 'BR007', 'E008', '存入', 0.00, 520000.00, '2025-04-10', '柜台'),
('DT202504005', 'ACC019', 'C019', 'P001', 'BR005', 'E006', '支取', 10000.00, 370000.00, '2025-04-12', '手机银行'),
('DT202504006', 'ACC014', 'C014', 'P001', 'BR001', 'E009', '存入', 1400000.00, 8900000.00, '2025-04-15', '网上银行'),
('DT202504007', 'ACC003', 'C003', 'P001', 'BR002', 'E003', '支取', 5000.00, 45200.00, '2025-04-18', '柜台'),
('DT202504008', 'ACC009', 'C009', 'P001', 'BR004', 'E005', '存入', 10000.00, 267000.00, '2025-04-20', '手机银行'),
('DT202504009', 'ACC017', 'C017', 'P001', 'BR004', 'E004', '支取', 5000.00, 90000.00, '2025-04-22', 'ATM'),
('DT202504010', 'ACC010', 'C010', 'P001', 'BR005', 'E006', '存入', 2000.00, 38000.00, '2025-04-25', '柜台'),
-- 2025年5月
('DT202505001', 'ACC001', 'C001', 'P001', 'BR003', 'E001', '存入', 600.50, 158600.50, '2025-05-03', '手机银行'),
('DT202505002', 'ACC011', 'C011', 'P001', 'BR003', 'E001', '存入', 0.00, 15800000.00, '2025-05-05', '网上银行'),
('DT202505003', 'ACC015', 'C015', 'P001', 'BR007', 'E008', '支取', 0.00, 12600000.00, '2025-05-08', '网上银行'),
('DT202505004', 'ACC006', 'C006', 'P001', 'BR007', 'E008', '存入', 0.00, 520000.00, '2025-05-10', '柜台'),
('DT202505005', 'ACC008', 'C008', 'P001', 'BR003', 'E002', '存入', 1000.00, 12500.00, '2025-05-12', '柜台'),
('DT202505006', 'ACC012', 'C012', 'P001', 'BR003', 'E001', '支取', 0.00, 23500000.00, '2025-05-15', '网上银行'),
('DT202505007', 'ACC019', 'C019', 'P001', 'BR005', 'E006', '存入', 10000.00, 380000.00, '2025-05-18', '手机银行'),
('DT202505008', 'ACC009', 'C009', 'P001', 'BR004', 'E005', '存入', 0.00, 267000.00, '2025-05-20', '手机银行'),
('DT202505009', 'ACC004', 'C004', 'P001', 'BR005', 'E006', '存入', 0.00, 89000.00, '2025-05-22', '柜台'),
('DT202505010', 'ACC002', 'C002', 'P001', 'BR004', 'E004', '存入', 0.00, 325000.00, '2025-05-22', '手机银行');

-- ============================================================
-- 7. 贷款合同表 loan_contract
-- ============================================================
DROP TABLE IF EXISTS loan_contract;
CREATE TABLE loan_contract
(
    id               VARCHAR(30) PRIMARY KEY COMMENT '贷款合同唯一标识',
    customer_id      VARCHAR(20) COMMENT '借款客户',
    product_id       VARCHAR(20) COMMENT '关联贷款产品',
    branch_id        VARCHAR(20) COMMENT '放款网点',
    employee_id      VARCHAR(20) COMMENT '经办客户经理',
    loan_amount      DECIMAL(15,2) COMMENT '合同放款金额',
    loan_balance     DECIMAL(15,2) COMMENT '未偿还本金余额',
    interest_rate    DECIMAL(5,4) COMMENT '执行年利率',
    loan_term        INT COMMENT '贷款期限(月)',
    repayment_method VARCHAR(20) COMMENT '还款方式',
    status           VARCHAR(20) COMMENT '合同状态',
    overdue_days     INT COMMENT '连续逾期天数',
    start_date       DATE COMMENT '发放日期',
    end_date         DATE COMMENT '到期日期'
);

INSERT INTO loan_contract (id, customer_id, product_id, branch_id, employee_id, loan_amount, loan_balance, interest_rate, loan_term, repayment_method, status, overdue_days, start_date, end_date)
VALUES
-- 正常贷款
('LN202501001', 'C001', 'P005', 'BR003', 'E001', 1500000.00, 1380000.00, 0.0385, 360, '等额本息', '正常', 0, '2023-06-01', '2048-06-01'),
('LN202501002', 'C002', 'P005', 'BR004', 'E004', 2000000.00, 1850000.00, 0.0385, 360, '等额本息', '正常', 0, '2022-01-15', '2047-01-15'),
('LN202501003', 'C004', 'P006', 'BR005', 'E006', 200000.00, 150000.00, 0.0520, 36, '等额本息', '正常', 0, '2024-03-01', '2027-03-01'),
('LN202501004', 'C006', 'P005', 'BR007', 'E008', 3000000.00, 2750000.00, 0.0385, 360, '等额本息', '正常', 0, '2021-09-01', '2046-09-01'),
('LN202501005', 'C007', 'P006', 'BR001', 'E009', 100000.00, 65000.00, 0.0520, 36, '等额本息', '正常', 0, '2024-01-01', '2027-01-01'),
('LN202501006', 'C009', 'P006', 'BR004', 'E005', 300000.00, 220000.00, 0.0520, 36, '等额本息', '正常', 0, '2023-09-01', '2026-09-01'),
('LN202501007', 'C018', 'P005', 'BR007', 'E008', 1200000.00, 1100000.00, 0.0385, 360, '等额本息', '正常', 0, '2023-03-01', '2048-03-01'),
-- 对公贷款-正常
('LN202501008', 'C011', 'P008', 'BR003', 'E001', 50000000.00, 42000000.00, 0.0550, 12, '按月付息到期还本', '正常', 0, '2025-01-01', '2026-01-01'),
('LN202501009', 'C012', 'P008', 'BR003', 'E001', 30000000.00, 25000000.00, 0.0550, 12, '按月付息到期还本', '正常', 0, '2025-02-01', '2026-02-01'),
('LN202501010', 'C014', 'P009', 'BR001', 'E009', 5000000.00, 4200000.00, 0.0720, 24, '等额本息', '正常', 0, '2024-06-01', '2026-06-01'),
('LN202501011', 'C015', 'P008', 'BR007', 'E008', 20000000.00, 18000000.00, 0.0550, 12, '按月付息到期还本', '正常', 0, '2025-03-01', '2026-03-01'),
-- 逾期贷款
('LN202502001', 'C005', 'P006', 'BR006', 'E007', 150000.00, 120000.00, 0.0520, 36, '等额本息', '逾期', 30, '2024-01-01', '2027-01-01'),
('LN202502002', 'C016', 'P007', 'BR002', 'E003', 500000.00, 420000.00, 0.0600, 60, '等额本息', '逾期', 60, '2023-06-01', '2028-06-01'),
('LN202502003', 'C010', 'P006', 'BR005', 'E006', 80000.00, 65000.00, 0.0520, 36, '等额本息', '逾期', 15, '2024-06-01', '2027-06-01'),
-- 不良贷款(次级)
('LN202503001', 'C003', 'P007', 'BR002', 'E003', 800000.00, 720000.00, 0.0600, 60, '等额本息', '不良', 90, '2022-09-01', '2027-09-01'),
('LN202503002', 'C020', 'P006', 'BR006', 'E007', 200000.00, 180000.00, 0.0520, 36, '等额本息', '不良', 120, '2023-01-01', '2026-01-01'),
-- 不良贷款(可疑)
('LN202503003', 'C013', 'P008', 'BR006', 'E007', 10000000.00, 9500000.00, 0.0550, 12, '按月付息到期还本', '不良', 180, '2024-01-01', '2025-01-01'),
-- 不良贷款(损失)
('LN202503004', 'C019', 'P007', 'BR005', 'E006', 600000.00, 580000.00, 0.0600, 60, '等额本息', '不良', 365, '2021-06-01', '2026-06-01'),
-- 结清贷款
('LN202504001', 'C017', 'P006', 'BR004', 'E004', 100000.00, 0.00, 0.0520, 24, '等额本息', '结清', 0, '2023-05-01', '2025-05-01'),
('LN202504002', 'C008', 'P006', 'BR003', 'E002', 50000.00, 0.00, 0.0520, 12, '等额本息', '结清', 0, '2024-01-01', '2025-01-01'),
('LN202504003', 'C001', 'P006', 'BR003', 'E001', 80000.00, 0.00, 0.0520, 24, '等额本息', '结清', 0, '2023-01-01', '2025-01-01'),
('LN202504004', 'C009', 'P007', 'BR004', 'E005', 200000.00, 0.00, 0.0600, 36, '等额本息', '结清', 0, '2022-06-01', '2025-06-01');

-- ============================================================
-- 8. 转账交易流水 transfer_txn
-- ============================================================
DROP TABLE IF EXISTS transfer_txn;
CREATE TABLE transfer_txn
(
    id               VARCHAR(30) PRIMARY KEY COMMENT '转账流水唯一标识',
    account_id       VARCHAR(30) COMMENT '转出方账户',
    customer_id      VARCHAR(20) COMMENT '转出方客户',
    branch_id        VARCHAR(20) COMMENT '办理网点',
    employee_id      VARCHAR(20) COMMENT '办理员工',
    transfer_type    VARCHAR(20) COMMENT '转账分类',
    amount           DECIMAL(15,2) COMMENT '转账金额',
    fee              DECIMAL(10,2) COMMENT '手续费',
    counter_account  VARCHAR(30) COMMENT '收款方账号',
    counter_name     VARCHAR(50) COMMENT '收款方户名',
    channel          VARCHAR(20) COMMENT '办理渠道',
    txn_date         DATE COMMENT '交易日期',
    is_cross_border  TINYINT COMMENT '1=跨境,0=境内'
);

INSERT INTO transfer_txn (id, account_id, customer_id, branch_id, employee_id, transfer_type, amount, fee, counter_account, counter_name, channel, txn_date, is_cross_border)
VALUES
-- 2025年1月
('TT202501001', 'ACC001', 'C001', 'BR003', 'E001', '同行转账', 10000.00, 0.00, 'ACC002', '李芳', '手机银行', '2025-01-06', 0),
('TT202501002', 'ACC011', 'C011', 'BR003', 'E001', '跨行转账', 500000.00, 10.00, '6225880123456789', '供应商A公司', '网上银行', '2025-01-10', 0),
('TT202501003', 'ACC006', 'C006', 'BR007', 'E008', '同行转账', 5000.00, 0.00, 'ACC009', '吴刚', '手机银行', '2025-01-15', 0),
('TT202501004', 'ACC012', 'C012', 'BR003', 'E001', '跨行转账', 1000000.00, 15.00, '6225880987654321', '供应商B公司', '网上银行', '2025-01-20', 0),
('TT202501005', 'ACC002', 'C002', 'BR004', 'E004', '同行转账', 3000.00, 0.00, 'ACC004', '赵敏', '柜台', '2025-01-22', 0),
('TT202501006', 'ACC013', 'C013', 'BR006', 'E007', '跨境汇款', 200000.00, 200.00, 'SWIFT:BOFAUS3N', 'Amazon Inc', '柜台', '2025-01-25', 1),
-- 2025年2月
('TT202502001', 'ACC003', 'C003', 'BR002', 'E003', '跨行转账', 8000.00, 2.00, '6225880555556666', '房东张先生', '手机银行', '2025-02-03', 0),
('TT202502002', 'ACC014', 'C014', 'BR001', 'E009', '跨行转账', 200000.00, 10.00, '6225880777778888', '供应商C公司', '网上银行', '2025-02-08', 0),
('TT202502003', 'ACC001', 'C001', 'BR003', 'E001', '同行转账', 2000.00, 0.00, 'ACC008', '周婷', '手机银行', '2025-02-12', 0),
('TT202502004', 'ACC015', 'C015', 'BR007', 'E008', '跨行转账', 500000.00, 10.00, '6225880333334444', '供应商D公司', '网上银行', '2025-02-15', 0),
('TT202502005', 'ACC009', 'C009', 'BR004', 'E005', '同行转账', 15000.00, 0.00, 'ACC017', '何娜', '手机银行', '2025-02-18', 0),
('TT202502006', 'ACC013', 'C013', 'BR006', 'E007', '跨境汇款', 150000.00, 180.00, 'SWIFT:HSBCGB2L', 'Google UK Ltd', '柜台', '2025-02-22', 1),
-- 2025年3月
('TT202503001', 'ACC011', 'C011', 'BR003', 'E001', '跨行转账', 300000.00, 10.00, '6225880111112222', '供应商E公司', '网上银行', '2025-03-05', 0),
('TT202503002', 'ACC007', 'C007', 'BR001', 'E009', '同行转账', 10000.00, 0.00, 'ACC018', '马超', '手机银行', '2025-03-08', 0),
('TT202503003', 'ACC012', 'C012', 'BR003', 'E001', '跨行转账', 800000.00, 15.00, '6225880333334444', '供应商F公司', '网上银行', '2025-03-12', 0),
('TT202503004', 'ACC004', 'C004', 'BR005', 'E006', '同行转账', 5000.00, 0.00, 'ACC010', '郑丽', '柜台', '2025-03-15', 0),
('TT202503005', 'ACC019', 'C019', 'BR005', 'E006', '跨行转账', 50000.00, 5.00, '6225880555556666', '投资平台', '手机银行', '2025-03-18', 0),
('TT202503006', 'ACC013', 'C013', 'BR006', 'E007', '跨境汇款', 300000.00, 300.00, 'SWIFT:CHASUS33', 'Apple Inc', '柜台', '2025-03-22', 1),
('TT202503007', 'ACC006', 'C006', 'BR007', 'E008', '同行转账', 8000.00, 0.00, 'ACC002', '李芳', '手机银行', '2025-03-25', 0),
-- 2025年4月
('TT202504001', 'ACC001', 'C001', 'BR003', 'E001', '跨行转账', 5000.00, 2.00, '6225880999990000', '房东李女士', '手机银行', '2025-04-03', 0),
('TT202504002', 'ACC014', 'C014', 'BR001', 'E009', '跨行转账', 100000.00, 10.00, '6225880111112222', '供应商G公司', '网上银行', '2025-04-08', 0),
('TT202504003', 'ACC009', 'C009', 'BR004', 'E005', '同行转账', 20000.00, 0.00, 'ACC026', '吴刚', '手机银行', '2025-04-12', 0),
('TT202504004', 'ACC015', 'C015', 'BR007', 'E008', '跨行转账', 300000.00, 10.00, '6225880777778888', '供应商H公司', '网上银行', '2025-04-15', 0),
('TT202504005', 'ACC003', 'C003', 'BR002', 'E003', '同行转账', 3000.00, 0.00, 'ACC025', '王强', '柜台', '2025-04-18', 0),
('TT202504006', 'ACC013', 'C013', 'BR006', 'E007', '跨境汇款', 100000.00, 150.00, 'SWIFT:DEUTDEFF', 'SAP SE', '柜台', '2025-04-22', 1),
-- 2025年5月
('TT202505001', 'ACC011', 'C011', 'BR003', 'E001', '跨行转账', 200000.00, 10.00, '6225880333334444', '供应商I公司', '网上银行', '2025-05-05', 0),
('TT202505002', 'ACC007', 'C007', 'BR001', 'E009', '同行转账', 5000.00, 0.00, 'ACC001', '张三', '手机银行', '2025-05-08', 0),
('TT202505003', 'ACC012', 'C012', 'BR003', 'E001', '跨行转账', 600000.00, 15.00, '6225880555556666', '供应商J公司', '网上银行', '2025-05-12', 0),
('TT202505004', 'ACC006', 'C006', 'BR007', 'E008', '同行转账', 10000.00, 0.00, 'ACC019', '黄蓉', '手机银行', '2025-05-15', 0),
('TT202505005', 'ACC019', 'C019', 'BR005', 'E006', '跨行转账', 30000.00, 5.00, '6225880777778888', '证券公司', '手机银行', '2025-05-18', 0),
('TT202505006', 'ACC013', 'C013', 'BR006', 'E007', '跨境汇款', 250000.00, 250.00, 'SWIFT:BOTKJPJT', 'Sony Corporation', '柜台', '2025-05-20', 1);
